djinni.co/jobs,2024-10-21 12:16:01
djinni.co/jobs,2024-10-21 12:16:24
djinni.co/jobs,2024-10-21 12:16:36
djinni.co/jobs,2024-10-21 12:18:13
djinni.co/jobs,2024-10-21 12:18:23
djinni.co/jobs,2024-10-21 12:18:38
djinni.co/jobs,2024-10-21 12:20:23
djinni.co/jobs,2024-10-21 12:21:00
djinni.co/jobs,2024-10-21 12:21:25
djinni.co/jobs,2024-10-21 12:21:41
djinni.co/jobs,2024-10-21 12:21:49
djinni.co/jobs,2024-10-21 12:21:55
linkedin.com,2024-10-21 12:26:03
linkedin.com,2024-10-21 12:26:04
linkedin.com,2024-10-21 12:26:05
linkedin.com,2024-10-21 12:26:05
linkedin.com,2024-10-21 12:26:28
linkedin.com,2024-10-21 12:26:58
linkedin.com,2024-10-21 12:58:08
linkedin.com,2024-10-21 12:58:39
linkedin.com,2024-10-21 12:59:02
linkedin.com,2024-10-21 12:59:13
linkedin.com,2024-10-21 12:59:28
linkedin.com,2024-10-21 12:59:45
linkedin.com,2024-10-21 12:59:55
linkedin.com,2024-10-21 13:01:02
linkedin.com,2024-10-21 13:01:27
linkedin.com,2024-10-21 13:01:32
linkedin.com,2024-10-21 13:02:13
linkedin.com,2024-10-21 13:02:22
